Workbook

Sheet Huong_dan
A1: MẪU THEO DÕI DOANH NGHIỆP HÀNG THÁNG - TOÀN TỈNH KHÁNH HÒA
A3: Nội dung | B3: Hướng dẫn
A4: Phạm vi | B4: Toàn bộ doanh nghiệp trên địa bàn tỉnh; quản lý theo mã số thuế.
A5: Danh mục DN | B5: Nhập 01 lần thông tin DN tại sheet DM_Doanh_nghiep.
A6: Nhập tháng | B6: Mỗi DN mỗi tháng nhập 01 dòng tại các ô nền vàng.
A7: 09 trường nhập | B7: Tháng; MST; Sản lượng; ĐVT; GTSXCN; XK; NK; Thị trường XK chính; Ghi chú.
A8: Tự động | B8: Tên DN, địa bàn, ngành; tháng trước; cùng kỳ; lũy kế; tăng/giảm; cảnh báo.
A9: Đỏ | B9: Giảm >10% so cùng kỳ ở GTSXCN/XK/NK.
A10: Vàng | B10: Giảm >10% so tháng trước ở GTSXCN/XK/NK.
A11: Mở rộng | B11: Bảng Excel có thể thêm dòng để theo dõi toàn bộ doanh nghiệp, không giới hạn DN chủ lực.
A12: Khu vực kinh tế | B12: Khai 01 lần: Doanh nghiệp nhà nước; Doanh nghiệp ngoài nhà nước; Doanh nghiệp có vốn đầu tư nước ngoài (FDI).
A13: Nguyên tắc | B13: Tự động lấy sang Báo cáo tháng theo mã số thuế; doanh nghiệp không phải nhập lại hằng tháng.
A14: Mục đích | B14: Phân tích GTSXCN, xuất khẩu và nhập khẩu theo khu vực kinh tế trên phạm vi toàn tỉnh.

Sheet DM_Doanh_nghiep
A1: Mã số thuế* | B1: Tên doanh nghiệp* | C1: Địa chỉ | D1: Xã/Phường/Đặc khu* | E1: Ngành công nghiệp chính* | F1: Sản phẩm chính | G1: Loại hình DN | H1: Trạng thái | I1: Khu vực kinh tế*

Sheet Bao_cao_thang
A1: Tháng báo cáo* | B1: Mã số thuế* | C1: Tên doanh nghiệp | D1: Xã/Phường/Đặc khu | E1: Ngành chính | F1: Sản lượng | G1: ĐVT | H1: GTSXCN tháng (triệu đồng)* | I1: Xuất khẩu tháng (USD)* | J1: Nhập khẩu tháng (USD)* | K1: Thị trường XK chính | L1: Ghi chú | M1: GTSX tháng trước | N1: % GTSX so tháng trước | O1: GTSX cùng kỳ | P1: % GTSX so cùng kỳ | Q1: GTSX lũy kế | R1: GTSX LK cùng kỳ | S1: % GTSX LK cùng kỳ | T1: XK tháng trước | U1: % XK so tháng trước | V1: XK cùng kỳ | W1: % XK so cùng kỳ | X1: XK lũy kế | Y1: XK LK cùng kỳ | Z1: % XK LK cùng kỳ | AA1: NK tháng trước | AB1: % NK so tháng trước | AC1: NK cùng kỳ | AD1: % NK so cùng kỳ | AE1: NK lũy kế | AF1: NK LK cùng kỳ | AG1: % NK LK cùng kỳ | AH1: CẢNH BÁO | AI1: Khu vực kinh tế
C2: =IFERROR(VLOOKUP($B2,DM_Doanh_nghiep!$A$2:$H$1001,2,FALSE),"") | D2: =IFERROR(VLOOKUP($B2,DM_Doanh_nghiep!$A$2:$H$1001,4,FALSE),"") | E2: =IFERROR(VLOOKUP($B2,DM_Doanh_nghiep!$A$2:$H$1001,5,FALSE),"") | M2: =IF(OR($A2="",$B2=""),"",SUMIFS($H$2:$H$101,$B$2:$B$101,$B2,$A$2:$A$101,EDATE($A2,-1))) | N2: =IF(OR($H2="",$M2="",$M2=0),"",$H2/$M2-1) | O2: =IF(OR($A2="",$B2=""),"",SUMIFS($H$2:$H$101,$B$2:$B$101,$B2,$A$2:$A$101,EDATE($A2,-12))) | P2: =IF(OR($H2="",$O2="",$O2=0),"",$H2/$O2-1) | Q2: =IF(OR($A2="",$B2=""),"",SUMIFS($H$2:$H$101,$B$2:$B$101,$B2,$A$2:$A$101,">="&DATE(YEAR($A2),1,1),$A$2:$A$101,"<="&$A2)) | R2: =IF(OR($A2="",$B2=""),"",SUMIFS($H$2:$H$101,$B$2:$B$101,$B2,$A$2:$A$101,">="&DATE(YEAR($A2)-1,1,1),$A$2:$A$101,"<="&EDATE($A2,-12))) | S2: =IF(OR($Q2="",$R2="",$R2=0),"",$Q2/$R2-1) | T2: =IF(OR($A2="",$B2=""),"",SUMIFS($I$2:$I$101,$B$2:$B$101,$B2,$A$2:$A$101,EDATE($A2,-1))) | U2: =IF(OR($I2="",$T2="",$T2=0),"",$I2/$T2-1) | V2: =IF(OR($A2="",$B2=""),"",SUMIFS($I$2:$I$101,$B$2:$B$101,$B2,$A$2:$A$101,EDATE($A2,-12))) | W2: =IF(OR($I2="",$V2="",$V2=0),"",$I2/$V2-1) | X2: =IF(OR($A2="",$B2=""),"",SUMIFS($I$2:$I$101,$B$2:$B$101,$B2,$A$2:$A$101,">="&DATE(YEAR($A2),1,1),$A$2:$A$101,"<="&$A2)) | Y2: =IF(OR($A2="",$B2=""),"",SUMIFS($I$2:$I$101,$B$2:$B$101,$B2,$A$2:$A$101,">="&DATE(YEAR($A2)-1,1,1),$A$2:$A$101,"<="&EDATE($A2,-12))) | Z2: =IF(OR($X2="",$Y2="",$Y2=0),"",$X2/$Y2-1) | AA2: =IF(OR($A2="",$B2=""),"",SUMIFS($J$2:$J$101,$B$2:$B$101,$B2,$A$2:$A$101,EDATE($A2,-1))) | AB2: =IF(OR($J2="",$AA2="",$AA2=0),"",$J2/$AA2-1) | AC2: =IF(OR($A2="",$B2=""),"",SUMIFS($J$2:$J$101,$B$2:$B$101,$B2,$A$2:$A$101,EDATE($A2,-12))) | AD2: =IF(OR($J2="",$AC2="",$AC2=0),"",$J2/$AC2-1) | AE2: =IF(OR($A2="",$B2=""),"",SUMIFS($J$2:$J$101,$B$2:$B$101,$B2,$A$2:$A$101,">="&DATE(YEAR($A2),1,1),$A$2:$A$101,"<="&$A2)) | AF2: =IF(OR($A2="",$B2=""),"",SUMIFS($J$2:$J$101,$B$2:$B$101,$B2,$A$2:$A$101,">="&DATE(YEAR($A2)-1,1,1),$A$2:$A$101,"<="&EDATE($A2,-12))) | AG2: =IF(OR($AE2="",$AF2="",$AF2=0),"",$AE2/$AF2-1) | AH2: =IF(OR($A2="",$B2=""),"",IF(OR($P2<-10%,$W2<-10%,$AD2<-10%),"ĐỎ - Giảm >10% so cùng kỳ",IF(OR($N2<-10%,$U2<-10%,$AB2<-10%),"VÀNG - Giảm >10% so tháng trước","BÌNH THƯỜNG"))) | AI2: =IFERROR(VLOOKUP($B2,DM_Doanh_nghiep!$A$2:$I$1501,9,FALSE),"")
C3: =IFERROR(VLOOKUP($B3,DM_Doanh_nghiep!$A$2:$H$1001,2,FALSE),"") | D3: =IFERROR(VLOOKUP($B3,DM_Doanh_nghiep!$A$2:$H$1001,4,FALSE),"") | E3: =IFERROR(VLOOKUP($B3,DM_Doanh_nghiep!$A$2:$H$1001,5,FALSE),"") | M3: =IF(OR($A3="",$B3=""),"",SUMIFS($H$2:$H$101,$B$2:$B$101,$B3,$A$2:$A$101,EDATE($A3,-1))) | N3: =IF(OR($H3="",$M3="",$M3=0),"",$H3/$M3-1) | O3: =IF(OR($A3="",$B3=""),"",SUMIFS($H$2:$H$101,$B$2:$B$101,$B3,$A$2:$A$101,EDATE($A3,-12))) | P3: =IF(OR($H3="",$O3="",$O3=0),"",$H3/$O3-1) | Q3: =IF(OR($A3="",$B3=""),"",SUMIFS($H$2:$H$101,$B$2:$B$101,$B3,$A$2:$A$101,">="&DATE(YEAR($A3),1,1),$A$2:$A$101,"<="&$A3)) | R3: =IF(OR($A3="",$B3=""),"",SUMIFS($H$2:$H$101,$B$2:$B$101,$B3,$A$2:$A$101,">="&DATE(YEAR($A3)-1,1,1),$A$2:$A$101,"<="&EDATE($A3,-12))) | S3: =IF(OR($Q3="",$R3="",$R3=0),"",$Q3/$R3-1) | T3: =IF(OR($A3="",$B3=""),"",SUMIFS($I$2:$I$101,$B$2:$B$101,$B3,$A$2:$A$101,EDATE($A3,-1))) | U3: =IF(OR($I3="",$T3="",$T3=0),"",$I3/$T3-1) | V3: =IF(OR($A3="",$B3=""),"",SUMIFS($I$2:$I$101,$B$2:$B$101,$B3,$A$2:$A$101,EDATE($A3,-12))) | W3: =IF(OR($I3="",$V3="",$V3=0),"",$I3/$V3-1) | X3: =IF(OR($A3="",$B3=""),"",SUMIFS($I$2:$I$101,$B$2:$B$101,$B3,$A$2:$A$101,">="&DATE(YEAR($A3),1,1),$A$2:$A$101,"<="&$A3)) | Y3: =IF(OR($A3="",$B3=""),"",SUMIFS($I$2:$I$101,$B$2:$B$101,$B3,$A$2:$A$101,">="&DATE(YEAR($A3)-1,1,1),$A$2:$A$101,"<="&EDATE($A3,-12))) | Z3: =IF(OR($X3="",$Y3="",$Y3=0),"",$X3/$Y3-1) | AA3: =IF(OR($A3="",$B3=""),"",SUMIFS($J$2:$J$101,$B$2:$B$101,$B3,$A$2:$A$101,EDATE($A3,-1))) | AB3: =IF(OR($J3="",$AA3="",$AA3=0),"",$J3/$AA3-1) | AC3: =IF(OR($A3="",$B3=""),"",SUMIFS($J$2:$J$101,$B$2:$B$101,$B3,$A$2:$A$101,EDATE($A3,-12))) | AD3: =IF(OR($J3="",$AC3="",$AC3=0),"",$J3/$AC3-1) | AE3: =IF(OR($A3="",$B3=""),"",SUMIFS($J$2:$J$101,$B$2:$B$101,$B3,$A$2:$A$101,">="&DATE(YEAR($A3),1,1),$A$2:$A$101,"<="&$A3)) | AF3: =IF(OR($A3="",$B3=""),"",SUMIFS($J$2:$J$101,$B$2:$B$101,$B3,$A$2:$A$101,">="&DATE(YEAR($A3)-1,1,1),$A$2:$A$101,"<="&EDATE($A3,-12))) | AG3: =IF(OR($AE3="",$AF3="",$AF3=0),"",$AE3/$AF3-1) | AH3: =IF(OR($A3="",$B3=""),"",IF(OR($P3<-10%,$W3<-10%,$AD3<-10%),"ĐỎ - Giảm >10% so cùng kỳ",IF(OR($N3<-10%,$U3<-10%,$AB3<-10%),"VÀNG - Giảm >10% so tháng trước","BÌNH THƯỜNG"))) | AI3: =IFERROR(VLOOKUP($B3,DM_Doanh_nghiep!$A$2:$I$1501,9,FALSE),"")
C4: =IFERROR(VLOOKUP($B4,DM_Doanh_nghiep!$A$2:$H$1001,2,FALSE),"") | D4: =IFERROR(VLOOKUP($B4,DM_Doanh_nghiep!$A$2:$H$1001,4,FALSE),"") | E4: =IFERROR(VLOOKUP($B4,DM_Doanh_nghiep!$A$2:$H$1001,5,FALSE),"") | M4: =IF(OR($A4="",$B4=""),"",SUMIFS($H$2:$H$101,$B$2:$B$101,$B4,$A$2:$A$101,EDATE($A4,-1))) | N4: =IF(OR($H4="",$M4="",$M4=0),"",$H4/$M4-1) | O4: =IF(OR($A4="",$B4=""),"",SUMIFS($H$2:$H$101,$B$2:$B$101,$B4,$A$2:$A$101,EDATE($A4,-12))) | P4: =IF(OR($H4="",$O4="",$O4=0),"",$H4/$O4-1) | Q4: =IF(OR($A4="",$B4=""),"",SUMIFS($H$2:$H$101,$B$2:$B$101,$B4,$A$2:$A$101,">="&DATE(YEAR($A4),1,1),$A$2:$A$101,"<="&$A4)) | R4: =IF(OR($A4="",$B4=""),"",SUMIFS($H$2:$H$101,$B$2:$B$101,$B4,$A$2:$A$101,">="&DATE(YEAR($A4)-1,1,1),$A$2:$A$101,"<="&EDATE($A4,-12))) | S4: =IF(OR($Q4="",$R4="",$R4=0),"",$Q4/$R4-1) | T4: =IF(OR($A4="",$B4=""),"",SUMIFS($I$2:$I$101,$B$2:$B$101,$B4,$A$2:$A$101,EDATE($A4,-1))) | U4: =IF(OR($I4="",$T4="",$T4=0),"",$I4/$T4-1) | V4: =IF(OR($A4="",$B4=""),"",SUMIFS($I$2:$I$101,$B$2:$B$101,$B4,$A$2:$A$101,EDATE($A4,-12))) | W4: =IF(OR($I4="",$V4="",$V4=0),"",$I4/$V4-1) | X4: =IF(OR($A4="",$B4=""),"",SUMIFS($I$2:$I$101,$B$2:$B$101,$B4,$A$2:$A$101,">="&DATE(YEAR($A4),1,1),$A$2:$A$101,"<="&$A4)) | Y4: =IF(OR($A4="",$B4=""),"",SUMIFS($I$2:$I$101,$B$2:$B$101,$B4,$A$2:$A$101,">="&DATE(YEAR($A4)-1,1,1),$A$2:$A$101,"<="&EDATE($A4,-12))) | Z4: =IF(OR($X4="",$Y4="",$Y4=0),"",$X4/$Y4-1) | AA4: =IF(OR($A4="",$B4=""),"",SUMIFS($J$2:$J$101,$B$2:$B$101,$B4,$A$2:$A$101,EDATE($A4,-1))) | AB4: =IF(OR($J4="",$AA4="",$AA4=0),"",$J4/$AA4-1) | AC4: =IF(OR($A4="",$B4=""),"",SUMIFS($J$2:$J$101,$B$2:$B$101,$B4,$A$2:$A$101,EDATE($A4,-12))) | AD4: =IF(OR($J4="",$AC4="",$AC4=0),"",$J4/$AC4-1) | AE4: =IF(OR($A4="",$B4=""),"",SUMIFS($J$2:$J$101,$B$2:$B$101,$B4,$A$2:$A$101,">="&DATE(YEAR($A4),1,1),$A$2:$A$101,"<="&$A4)) | AF4: =IF(OR($A4="",$B4=""),"",SUMIFS($J$2:$J$101,$B$2:$B$101,$B4,$A$2:$A$101,">="&DATE(YEAR($A4)-1,1,1),$A$2:$A$101,"<="&EDATE($A4,-12))) | AG4: =IF(OR($AE4="",$AF4="",$AF4=0),"",$AE4/$AF4-1) | AH4: =IF(OR($A4="",$B4=""),"",IF(OR($P4<-10%,$W4<-10%,$AD4<-10%),"ĐỎ - Giảm >10% so cùng kỳ",IF(OR($N4<-10%,$U4<-10%,$AB4<-10%),"VÀNG - Giảm >10% so tháng trước","BÌNH THƯỜNG"))) | AI4: =IFERROR(VLOOKUP($B4,DM_Doanh_nghiep!$A$2:$I$1501,9,FALSE),"")
C5: =IFERROR(VLOOKUP($B5,DM_Doanh_nghiep!$A$2:$H$1001,2,FALSE),"") | D5: =IFERROR(VLOOKUP($B5,DM_Doanh_nghiep!$A$2:$H$1001,4,FALSE),"") | E5: =IFERROR(VLOOKUP($B5,DM_Doanh_nghiep!$A$2:$H$1001,5,FALSE),"") | M5: =IF(OR($A5="",$B5=""),"",SUMIFS($H$2:$H$101,$B$2:$B$101,$B5,$A$2:$A$101,EDATE($A5,-1))) | N5: =IF(OR($H5="",$M5="",$M5=0),"",$H5/$M5-1) | O5: =IF(OR($A5="",$B5=""),"",SUMIFS($H$2:$H$101,$B$2:$B$101,$B5,$A$2:$A$101,EDATE($A5,-12))) | P5: =IF(OR($H5="",$O5="",$O5=0),"",$H5/$O5-1) | Q5: =IF(OR($A5="",$B5=""),"",SUMIFS($H$2:$H$101,$B$2:$B$101,$B5,$A$2:$A$101,">="&DATE(YEAR($A5),1,1),$A$2:$A$101,"<="&$A5)) | R5: =IF(OR($A5="",$B5=""),"",SUMIFS($H$2:$H$101,$B$2:$B$101,$B5,$A$2:$A$101,">="&DATE(YEAR($A5)-1,1,1),$A$2:$A$101,"<="&EDATE($A5,-12))) | S5: =IF(OR($Q5="",$R5="",$R5=0),"",$Q5/$R5-1) | T5: =IF(OR($A5="",$B5=""),"",SUMIFS($I$2:$I$101,$B$2:$B$101,$B5,$A$2:$A$101,EDATE($A5,-1))) | U5: =IF(OR($I5="",$T5="",$T5=0),"",$I5/$T5-1) | V5: =IF(OR($A5="",$B5=""),"",SUMIFS($I$2:$I$101,$B$2:$B$101,$B5,$A$2:$A$101,EDATE($A5,-12))) | W5: =IF(OR($I5="",$V5="",$V5=0),"",$I5/$V5-1) | X5: =IF(OR($A5="",$B5=""),"",SUMIFS($I$2:$I$101,$B$2:$B$101,$B5,$A$2:$A$101,">="&DATE(YEAR($A5),1,1),$A$2:$A$101,"<="&$A5)) | Y5: =IF(OR($A5="",$B5=""),"",SUMIFS($I$2:$I$101,$B$2:$B$101,$B5,$A$2:$A$101,">="&DATE(YEAR($A5)-1,1,1),$A$2:$A$101,"<="&EDATE($A5,-12))) | Z5: =IF(OR($X5="",$Y5="",$Y5=0),"",$X5/$Y5-1) | AA5: =IF(OR($A5="",$B5=""),"",SUMIFS($J$2:$J$101,$B$2:$B$101,$B5,$A$2:$A$101,EDATE($A5,-1))) | AB5: =IF(OR($J5="",$AA5="",$AA5=0),"",$J5/$AA5-1) | AC5: =IF(OR($A5="",$B5=""),"",SUMIFS($J$2:$J$101,$B$2:$B$101,$B5,$A$2:$A$101,EDATE($A5,-12))) | AD5: =IF(OR($J5="",$AC5="",$AC5=0),"",$J5/$AC5-1) | AE5: =IF(OR($A5="",$B5=""),"",SUMIFS($J$2:$J$101,$B$2:$B$101,$B5,$A$2:$A$101,">="&DATE(YEAR($A5),1,1),$A$2:$A$101,"<="&$A5)) | AF5: =IF(OR($A5="",$B5=""),"",SUMIFS($J$2:$J$101,$B$2:$B$101,$B5,$A$2:$A$101,">="&DATE(YEAR($A5)-1,1,1),$A$2:$A$101,"<="&EDATE($A5,-12))) | AG5: =IF(OR($AE5="",$AF5="",$AF5=0),"",$AE5/$AF5-1) | AH5: =IF(OR($A5="",$B5=""),"",IF(OR($P5<-10%,$W5<-10%,$AD5<-10%),"ĐỎ - Giảm >10% so cùng kỳ",IF(OR($N5<-10%,$U5<-10%,$AB5<-10%),"VÀNG - Giảm >10% so tháng trước","BÌNH THƯỜNG"))) | AI5: =IFERROR(VLOOKUP($B5,DM_Doanh_nghiep!$A$2:$I$1501,9,FALSE),"")
C6: =IFERROR(VLOOKUP($B6,DM_Doanh_nghiep!$A$2:$H$1001,2,FALSE),"") | D6: =IFERROR(VLOOKUP($B6,DM_Doanh_nghiep!$A$2:$H$1001,4,FALSE),"") | E6: =IFERROR(VLOOKUP($B6,DM_Doanh_nghiep!$A$2:$H$1001,5,FALSE),"") | M6: =IF(OR($A6="",$B6=""),"",SUMIFS($H$2:$H$101,$B$2:$B$101,$B6,$A$2:$A$101,EDATE($A6,-1))) | N6: =IF(OR($H6="",$M6="",$M6=0),"",$H6/$M6-1) | O6: =IF(OR($A6="",$B6=""),"",SUMIFS($H$2:$H$101,$B$2:$B$101,$B6,$A$2:$A$101,EDATE($A6,-12))) | P6: =IF(OR($H6="",$O6="",$O6=0),"",$H6/$O6-1) | Q6: =IF(OR($A6="",$B6=""),"",SUMIFS($H$2:$H$101,$B$2:$B$101,$B6,$A$2:$A$101,">="&DATE(YEAR($A6),1,1),$A$2:$A$101,"<="&$A6)) | R6: =IF(OR($A6="",$B6=""),"",SUMIFS($H$2:$H$101,$B$2:$B$101,$B6,$A$2:$A$101,">="&DATE(YEAR($A6)-1,1,1),$A$2:$A$101,"<="&EDATE($A6,-12))) | S6: =IF(OR($Q6="",$R6="",$R6=0),"",$Q6/$R6-1) | T6: =IF(OR($A6="",$B6=""),"",SUMIFS($I$2:$I$101,$B$2:$B$101,$B6,$A$2:$A$101,EDATE($A6,-1))) | U6: =IF(OR($I6="",$T6="",$T6=0),"",$I6/$T6-1) | V6: =IF(OR($A6="",$B6=""),"",SUMIFS($I$2:$I$101,$B$2:$B$101,$B6,$A$2:$A$101,EDATE($A6,-12))) | W6: =IF(OR($I6="",$V6="",$V6=0),"",$I6/$V6-1) | X6: =IF(OR($A6="",$B6=""),"",SUMIFS($I$2:$I$101,$B$2:$B$101,$B6,$A$2:$A$101,">="&DATE(YEAR($A6),1,1),$A$2:$A$101,"<="&$A6)) | Y6: =IF(OR($A6="",$B6=""),"",SUMIFS($I$2:$I$101,$B$2:$B$101,$B6,$A$2:$A$101,">="&DATE(YEAR($A6)-1,1,1),$A$2:$A$101,"<="&EDATE($A6,-12))) | Z6: =IF(OR($X6="",$Y6="",$Y6=0),"",$X6/$Y6-1) | AA6: =IF(OR($A6="",$B6=""),"",SUMIFS($J$2:$J$101,$B$2:$B$101,$B6,$A$2:$A$101,EDATE($A6,-1))) | AB6: =IF(OR($J6="",$AA6="",$AA6=0),"",$J6/$AA6-1) | AC6: =IF(OR($A6="",$B6=""),"",SUMIFS($J$2:$J$101,$B$2:$B$101,$B6,$A$2:$A$101,EDATE($A6,-12))) | AD6: =IF(OR($J6="",$AC6="",$AC6=0),"",$J6/$AC6-1) | AE6: =IF(OR($A6="",$B6=""),"",SUMIFS($J$2:$J$101,$B$2:$B$101,$B6,$A$2:$A$101,">="&DATE(YEAR($A6),1,1),$A$2:$A$101,"<="&$A6)) | AF6: =IF(OR($A6="",$B6=""),"",SUMIFS($J$2:$J$101,$B$2:$B$101,$B6,$A$2:$A$101,">="&DATE(YEAR($A6)-1,1,1),$A$2:$A$101,"<="&EDATE($A6,-12))) | AG6: =IF(OR($AE6="",$AF6="",$AF6=0),"",$AE6/$AF6-1) | AH6: =IF(OR($A6="",$B6=""),"",IF(OR($P6<-10%,$W6<-10%,$AD6<-10%),"ĐỎ - Giảm >10% so cùng kỳ",IF(OR($N6<-10%,$U6<-10%,$AB6<-10%),"VÀNG - Giảm >10% so tháng trước","BÌNH THƯỜNG"))) | AI6: =IFERROR(VLOOKUP($B6,DM_Doanh_nghiep!$A$2:$I$1501,9,FALSE),"")
C7: =IFERROR(VLOOKUP($B7,DM_Doanh_nghiep!$A$2:$H$1001,2,FALSE),"") | D7: =IFERROR(VLOOKUP($B7,DM_Doanh_nghiep!$A$2:$H$1001,4,FALSE),"") | E7: =IFERROR(VLOOKUP($B7,DM_Doanh_nghiep!$A$2:$H$1001,5,FALSE),"") | M7: =IF(OR($A7="",$B7=""),"",SUMIFS($H$2:$H$101,$B$2:$B$101,$B7,$A$2:$A$101,EDATE($A7,-1))) | N7: =IF(OR($H7="",$M7="",$M7=0),"",$H7/$M7-1) | O7: =IF(OR($A7="",$B7=""),"",SUMIFS($H$2:$H$101,$B$2:$B$101,$B7,$A$2:$A$101,EDATE($A7,-12))) | P7: =IF(OR($H7="",$O7="",$O7=0),"",$H7/$O7-1) | Q7: =IF(OR($A7="",$B7=""),"",SUMIFS($H$2:$H$101,$B$2:$B$101,$B7,$A$2:$A$101,">="&DATE(YEAR($A7),1,1),$A$2:$A$101,"<="&$A7)) | R7: =IF(OR($A7="",$B7=""),"",SUMIFS($H$2:$H$101,$B$2:$B$101,$B7,$A$2:$A$101,">="&DATE(YEAR($A7)-1,1,1),$A$2:$A$101,"<="&EDATE($A7,-12))) | S7: =IF(OR($Q7="",$R7="",$R7=0),"",$Q7/$R7-1) | T7: =IF(OR($A7="",$B7=""),"",SUMIFS($I$2:$I$101,$B$2:$B$101,$B7,$A$2:$A$101,EDATE($A7,-1))) | U7: =IF(OR($I7="",$T7="",$T7=0),"",$I7/$T7-1) | V7: =IF(OR($A7="",$B7=""),"",SUMIFS($I$2:$I$101,$B$2:$B$101,$B7,$A$2:$A$101,EDATE($A7,-12))) | W7: =IF(OR($I7="",$V7="",$V7=0),"",$I7/$V7-1) | X7: =IF(OR($A7="",$B7=""),"",SUMIFS($I$2:$I$101,$B$2:$B$101,$B7,$A$2:$A$101,">="&DATE(YEAR($A7),1,1),$A$2:$A$101,"<="&$A7)) | Y7: =IF(OR($A7="",$B7=""),"",SUMIFS($I$2:$I$101,$B$2:$B$101,$B7,$A$2:$A$101,">="&DATE(YEAR($A7)-1,1,1),$A$2:$A$101,"<="&EDATE($A7,-12))) | Z7: =IF(OR($X7="",$Y7="",$Y7=0),"",$X7/$Y7-1) | AA7: =IF(OR($A7="",$B7=""),"",SUMIFS($J$2:$J$101,$B$2:$B$101,$B7,$A$2:$A$101,EDATE($A7,-1))) | AB7: =IF(OR($J7="",$AA7="",$AA7=0),"",$J7/$AA7-1) | AC7: =IF(OR($A7="",$B7=""),"",SUMIFS($J$2:$J$101,$B$2:$B$101,$B7,$A$2:$A$101,EDATE($A7,-12))) | AD7: =IF(OR($J7="",$AC7="",$AC7=0),"",$J7/$AC7-1) | AE7: =IF(OR($A7="",$B7=""),"",SUMIFS($J$2:$J$101,$B$2:$B$101,$B7,$A$2:$A$101,">="&DATE(YEAR($A7),1,1),$A$2:$A$101,"<="&$A7)) | AF7: =IF(OR($A7="",$B7=""),"",SUMIFS($J$2:$J$101,$B$2:$B$101,$B7,$A$2:$A$101,">="&DATE(YEAR($A7)-1,1,1),$A$2:$A$101,"<="&EDATE($A7,-12))) | AG7: =IF(OR($AE7="",$AF7="",$AF7=0),"",$AE7/$AF7-1) | AH7: =IF(OR($A7="",$B7=""),"",IF(OR($P7<-10%,$W7<-10%,$AD7<-10%),"ĐỎ - Giảm >10% so cùng kỳ",IF(OR($N7<-10%,$U7<-10%,$AB7<-10%),"VÀNG - Giảm >10% so tháng trước","BÌNH THƯỜNG"))) | AI7: =IFERROR(VLOOKUP($B7,DM_Doanh_nghiep!$A$2:$I$1501,9,FALSE),"")
C8: =IFERROR(VLOOKUP($B8,DM_Doanh_nghiep!$A$2:$H$1001,2,FALSE),"") | D8: =IFERROR(VLOOKUP($B8,DM_Doanh_nghiep!$A$2:$H$1001,4,FALSE),"") | E8: =IFERROR(VLOOKUP($B8,DM_Doanh_nghiep!$A$2:$H$1001,5,FALSE),"") | M8: =IF(OR($A8="",$B8=""),"",SUMIFS($H$2:$H$101,$B$2:$B$101,$B8,$A$2:$A$101,EDATE($A8,-1))) | N8: =IF(OR($H8="",$M8="",$M8=0),"",$H8/$M8-1) | O8: =IF(OR($A8="",$B8=""),"",SUMIFS($H$2:$H$101,$B$2:$B$101,$B8,$A$2:$A$101,EDATE($A8,-12))) | P8: =IF(OR($H8="",$O8="",$O8=0),"",$H8/$O8-1) | Q8: =IF(OR($A8="",$B8=""),"",SUMIFS($H$2:$H$101,$B$2:$B$101,$B8,$A$2:$A$101,">="&DATE(YEAR($A8),1,1),$A$2:$A$101,"<="&$A8)) | R8: =IF(OR($A8="",$B8=""),"",SUMIFS($H$2:$H$101,$B$2:$B$101,$B8,$A$2:$A$101,">="&DATE(YEAR($A8)-1,1,1),$A$2:$A$101,"<="&EDATE($A8,-12))) | S8: =IF(OR($Q8="",$R8="",$R8=0),"",$Q8/$R8-1) | T8: =IF(OR($A8="",$B8=""),"",SUMIFS($I$2:$I$101,$B$2:$B$101,$B8,$A$2:$A$101,EDATE($A8,-1))) | U8: =IF(OR($I8="",$T8="",$T8=0),"",$I8/$T8-1) | V8: =IF(OR($A8="",$B8=""),"",SUMIFS($I$2:$I$101,$B$2:$B$101,$B8,$A$2:$A$101,EDATE($A8,-12))) | W8: =IF(OR($I8="",$V8="",$V8=0),"",$I8/$V8-1) | X8: =IF(OR($A8="",$B8=""),"",SUMIFS($I$2:$I$101,$B$2:$B$101,$B8,$A$2:$A$101,">="&DATE(YEAR($A8),1,1),$A$2:$A$101,"<="&$A8)) | Y8: =IF(OR($A8="",$B8=""),"",SUMIFS($I$2:$I$101,$B$2:$B$101,$B8,$A$2:$A$101,">="&DATE(YEAR($A8)-1,1,1),$A$2:$A$101,"<="&EDATE($A8,-12))) | Z8: =IF(OR($X8="",$Y8="",$Y8=0),"",$X8/$Y8-1) | AA8: =IF(OR($A8="",$B8=""),"",SUMIFS($J$2:$J$101,$B$2:$B$101,$B8,$A$2:$A$101,EDATE($A8,-1))) | AB8: =IF(OR($J8="",$AA8="",$AA8=0),"",$J8/$AA8-1) | AC8: =IF(OR($A8="",$B8=""),"",SUMIFS($J$2:$J$101,$B$2:$B$101,$B8,$A$2:$A$101,EDATE($A8,-12))) | AD8: =IF(OR($J8="",$AC8="",$AC8=0),"",$J8/$AC8-1) | AE8: =IF(OR($A8="",$B8=""),"",SUMIFS($J$2:$J$101,$B$2:$B$101,$B8,$A$2:$A$101,">="&DATE(YEAR($A8),1,1),$A$2:$A$101,"<="&$A8)) | AF8: =IF(OR($A8="",$B8=""),"",SUMIFS($J$2:$J$101,$B$2:$B$101,$B8,$A$2:$A$101,">="&DATE(YEAR($A8)-1,1,1),$A$2:$A$101,"<="&EDATE($A8,-12))) | AG8: =IF(OR($AE8="",$AF8="",$AF8=0),"",$AE8/$AF8-1) | AH8: =IF(OR($A8="",$B8=""),"",IF(OR($P8<-10%,$W8<-10%,$AD8<-10%),"ĐỎ - Giảm >10% so cùng kỳ",IF(OR($N8<-10%,$U8<-10%,$AB8<-10%),"VÀNG - Giảm >10% so tháng trước","BÌNH THƯỜNG"))) | AI8: =IFERROR(VLOOKUP($B8,DM_Doanh_nghiep!$A$2:$I$1501,9,FALSE),"")
C9: =IFERROR(VLOOKUP($B9,DM_Doanh_nghiep!$A$2:$H$1001,2,FALSE),"") | D9: =IFERROR(VLOOKUP($B9,DM_Doanh_nghiep!$A$2:$H$1001,4,FALSE),"") | E9: =IFERROR(VLOOKUP($B9,DM_Doanh_nghiep!$A$2:$H$1001,5,FALSE),"") | M9: =IF(OR($A9="",$B9=""),"",SUMIFS($H$2:$H$101,$B$2:$B$101,$B9,$A$2:$A$101,EDATE($A9,-1))) | N9: =IF(OR($H9="",$M9="",$M9=0),"",$H9/$M9-1) | O9: =IF(OR($A9="",$B9=""),"",SUMIFS($H$2:$H$101,$B$2:$B$101,$B9,$A$2:$A$101,EDATE($A9,-12))) | P9: =IF(OR($H9="",$O9="",$O9=0),"",$H9/$O9-1) | Q9: =IF(OR($A9="",$B9=""),"",SUMIFS($H$2:$H$101,$B$2:$B$101,$B9,$A$2:$A$101,">="&DATE(YEAR($A9),1,1),$A$2:$A$101,"<="&$A9)) | R9: =IF(OR($A9="",$B9=""),"",SUMIFS($H$2:$H$101,$B$2:$B$101,$B9,$A$2:$A$101,">="&DATE(YEAR($A9)-1,1,1),$A$2:$A$101,"<="&EDATE($A9,-12))) | S9: =IF(OR($Q9="",$R9="",$R9=0),"",$Q9/$R9-1) | T9: =IF(OR($A9="",$B9=""),"",SUMIFS($I$2:$I$101,$B$2:$B$101,$B9,$A$2:$A$101,EDATE($A9,-1))) | U9: =IF(OR($I9="",$T9="",$T9=0),"",$I9/$T9-1) | V9: =IF(OR($A9="",$B9=""),"",SUMIFS($I$2:$I$101,$B$2:$B$101,$B9,$A$2:$A$101,EDATE($A9,-12))) | W9: =IF(OR($I9="",$V9="",$V9=0),"",$I9/$V9-1) | X9: =IF(OR($A9="",$B9=""),"",SUMIFS($I$2:$I$101,$B$2:$B$101,$B9,$A$2:$A$101,">="&DATE(YEAR($A9),1,1),$A$2:$A$101,"<="&$A9)) | Y9: =IF(OR($A9="",$B9=""),"",SUMIFS($I$2:$I$101,$B$2:$B$101,$B9,$A$2:$A$101,">="&DATE(YEAR($A9)-1,1,1),$A$2:$A$101,"<="&EDATE($A9,-12))) | Z9: =IF(OR($X9="",$Y9="",$Y9=0),"",$X9/$Y9-1) | AA9: =IF(OR($A9="",$B9=""),"",SUMIFS($J$2:$J$101,$B$2:$B$101,$B9,$A$2:$A$101,EDATE($A9,-1))) | AB9: =IF(OR($J9="",$AA9="",$AA9=0),"",$J9/$AA9-1) | AC9: =IF(OR($A9="",$B9=""),"",SUMIFS($J$2:$J$101,$B$2:$B$101,$B9,$A$2:$A$101,EDATE($A9,-12))) | AD9: =IF(OR($J9="",$AC9="",$AC9=0),"",$J9/$AC9-1) | AE9: =IF(OR($A9="",$B9=""),"",SUMIFS($J$2:$J$101,$B$2:$B$101,$B9,$A$2:$A$101,">="&DATE(YEAR($A9),1,1),$A$2:$A$101,"<="&$A9)) | AF9: =IF(OR($A9="",$B9=""),"",SUMIFS($J$2:$J$101,$B$2:$B$101,$B9,$A$2:$A$101,">="&DATE(YEAR($A9)-1,1,1),$A$2:$A$101,"<="&EDATE($A9,-12))) | AG9: =IF(OR($AE9="",$AF9="",$AF9=0),"",$AE9/$AF9-1) | AH9: =IF(OR($A9="",$B9=""),"",IF(OR($P9<-10%,$W9<-10%,$AD9<-10%),"ĐỎ - Giảm >10% so cùng kỳ",IF(OR($N9<-10%,$U9<-10%,$AB9<-10%),"VÀNG - Giảm >10% so tháng trước","BÌNH THƯỜNG"))) | AI9: =IFERROR(VLOOKUP($B9,DM_Doanh_nghiep!$A$2:$I$1501,9,FALSE),"")
C10: =IFERROR(VLOOKUP($B10,DM_Doanh_nghiep!$A$2:$H$1001,2,FALSE),"") | D10: =IFERROR(VLOOKUP($B10,DM_Doanh_nghiep!$A$2:$H$1001,4,FALSE),"") | E10: =IFERROR(VLOOKUP($B10,DM_Doanh_nghiep!$A$2:$H$1001,5,FALSE),"") | M10: =IF(OR($A10="",$B10=""),"",SUMIFS($H$2:$H$101,$B$2:$B$101,$B10,$A$2:$A$101,EDATE($A10,-1))) | N10: =IF(OR($H10="",$M10="",$M10=0),"",$H10/$M10-1) | O10: =IF(OR($A10="",$B10=""),"",SUMIFS($H$2:$H$101,$B$2:$B$101,$B10,$A$2:$A$101,EDATE($A10,-12))) | P10: =IF(OR($H10="",$O10="",$O10=0),"",$H10/$O10-1) | Q10: =IF(OR($A10="",$B10=""),"",SUMIFS($H$2:$H$101,$B$2:$B$101,$B10,$A$2:$A$101,">="&DATE(YEAR($A10),1,1),$A$2:$A$101,"<="&$A10)) | R10: =IF(OR($A10="",$B10=""),"",SUMIFS($H$2:$H$101,$B$2:$B$101,$B10,$A$2:$A$101,">="&DATE(YEAR($A10)-1,1,1),$A$2:$A$101,"<="&EDATE($A10,-12))) | S10: =IF(OR($Q10="",$R10="",$R10=0),"",$Q10/$R10-1) | T10: =IF(OR($A10="",$B10=""),"",SUMIFS($I$2:$I$101,$B$2:$B$101,$B10,$A$2:$A$101,EDATE($A10,-1))) | U10: =IF(OR($I10="",$T10="",$T10=0),"",$I10/$T10-1) | V10: =IF(OR($A10="",$B10=""),"",SUMIFS($I$2:$I$101,$B$2:$B$101,$B10,$A$2:$A$101,EDATE($A10,-12))) | W10: =IF(OR($I10="",$V10="",$V10=0),"",$I10/$V10-1) | X10: =IF(OR($A10="",$B10=""),"",SUMIFS($I$2:$I$101,$B$2:$B$101,$B10,$A$2:$A$101,">="&DATE(YEAR($A10),1,1),$A$2:$A$101,"<="&$A10)) | Y10: =IF(OR($A10="",$B10=""),"",SUMIFS($I$2:$I$101,$B$2:$B$101,$B10,$A$2:$A$101,">="&DATE(YEAR($A10)-1,1,1),$A$2:$A$101,"<="&EDATE($A10,-12))) | Z10: =IF(OR($X10="",$Y10="",$Y10=0),"",$X10/$Y10-1) | AA10: =IF(OR($A10="",$B10=""),"",SUMIFS($J$2:$J$101,$B$2:$B$101,$B10,$A$2:$A$101,EDATE($A10,-1))) | AB10: =IF(OR($J10="",$AA10="",$AA10=0),"",$J10/$AA10-1) | AC10: =IF(OR($A10="",$B10=""),"",SUMIFS($J$2:$J$101,$B$2:$B$101,$B10,$A$2:$A$101,EDATE($A10,-12))) | AD10: =IF(OR($J10="",$AC10="",$AC10=0),"",$J10/$AC10-1) | AE10: =IF(OR($A10="",$B10=""),"",SUMIFS($J$2:$J$101,$B$2:$B$101,$B10,$A$2:$A$101,">="&DATE(YEAR($A10),1,1),$A$2:$A$101,"<="&$A10)) | AF10: =IF(OR($A10="",$B10=""),"",SUMIFS($J$2:$J$101,$B$2:$B$101,$B10,$A$2:$A$101,">="&DATE(YEAR($A10)-1,1,1),$A$2:$A$101,"<="&EDATE($A10,-12))) | AG10: =IF(OR($AE10="",$AF10="",$AF10=0),"",$AE10/$AF10-1) | AH10: =IF(OR($A10="",$B10=""),"",IF(OR($P10<-10%,$W10<-10%,$AD10<-10%),"ĐỎ - Giảm >10% so cùng kỳ",IF(OR($N10<-10%,$U10<-10%,$AB10<-10%),"VÀNG - Giảm >10% so tháng trước","BÌNH THƯỜNG"))) | AI10: =IFERROR(VLOOKUP($B10,DM_Doanh_nghiep!$A$2:$I$1501,9,FALSE),"")
C11: =IFERROR(VLOOKUP($B11,DM_Doanh_nghiep!$A$2:$H$1001,2,FALSE),"") | D11: =IFERROR(VLOOKUP($B11,DM_Doanh_nghiep!$A$2:$H$1001,4,FALSE),"") | E11: =IFERROR(VLOOKUP($B11,DM_Doanh_nghiep!$A$2:$H$1001,5,FALSE),"") | M11: =IF(OR($A11="",$B11=""),"",SUMIFS($H$2:$H$101,$B$2:$B$101,$B11,$A$2:$A$101,EDATE($A11,-1))) | N11: =IF(OR($H11="",$M11="",$M11=0),"",$H11/$M11-1) | O11: =IF(OR($A11="",$B11=""),"",SUMIFS($H$2:$H$101,$B$2:$B$101,$B11,$A$2:$A$101,EDATE($A11,-12))) | P11: =IF(OR($H11="",$O11="",$O11=0),"",$H11/$O11-1) | Q11: =IF(OR($A11="",$B11=""),"",SUMIFS($H$2:$H$101,$B$2:$B$101,$B11,$A$2:$A$101,">="&DATE(YEAR($A11),1,1),$A$2:$A$101,"<="&$A11)) | R11: =IF(OR($A11="",$B11=""),"",SUMIFS($H$2:$H$101,$B$2:$B$101,$B11,$A$2:$A$101,">="&DATE(YEAR($A11)-1,1,1),$A$2:$A$101,"<="&EDATE($A11,-12))) | S11: =IF(OR($Q11="",$R11="",$R11=0),"",$Q11/$R11-1) | T11: =IF(OR($A11="",$B11=""),"",SUMIFS($I$2:$I$101,$B$2:$B$101,$B11,$A$2:$A$101,EDATE($A11,-1))) | U11: =IF(OR($I11="",$T11="",$T11=0),"",$I11/$T11-1) | V11: =IF(OR($A11="",$B11=""),"",SUMIFS($I$2:$I$101,$B$2:$B$101,$B11,$A$2:$A$101,EDATE($A11,-12))) | W11: =IF(OR($I11="",$V11="",$V11=0),"",$I11/$V11-1) | X11: =IF(OR($A11="",$B11=""),"",SUMIFS($I$2:$I$101,$B$2:$B$101,$B11,$A$2:$A$101,">="&DATE(YEAR($A11),1,1),$A$2:$A$101,"<="&$A11)) | Y11: =IF(OR($A11="",$B11=""),"",SUMIFS($I$2:$I$101,$B$2:$B$101,$B11,$A$2:$A$101,">="&DATE(YEAR($A11)-1,1,1),$A$2:$A$101,"<="&EDATE($A11,-12))) | Z11: =IF(OR($X11="",$Y11="",$Y11=0),"",$X11/$Y11-1) | AA11: =IF(OR($A11="",$B11=""),"",SUMIFS($J$2:$J$101,$B$2:$B$101,$B11,$A$2:$A$101,EDATE($A11,-1))) | AB11: =IF(OR($J11="",$AA11="",$AA11=0),"",$J11/$AA11-1) | AC11: =IF(OR($A11="",$B11=""),"",SUMIFS($J$2:$J$101,$B$2:$B$101,$B11,$A$2:$A$101,EDATE($A11,-12))) | AD11: =IF(OR($J11="",$AC11="",$AC11=0),"",$J11/$AC11-1) | AE11: =IF(OR($A11="",$B11=""),"",SUMIFS($J$2:$J$101,$B$2:$B$101,$B11,$A$2:$A$101,">="&DATE(YEAR($A11),1,1),$A$2:$A$101,"<="&$A11)) | AF11: =IF(OR($A11="",$B11=""),"",SUMIFS($J$2:$J$101,$B$2:$B$101,$B11,$A$2:$A$101,">="&DATE(YEAR($A11)-1,1,1),$A$2:$A$101,"<="&EDATE($A11,-12))) | AG11: =IF(OR($AE11="",$AF11="",$AF11=0),"",$AE11/$AF11-1) | AH11: =IF(OR($A11="",$B11=""),"",IF(OR($P11<-10%,$W11<-10%,$AD11<-10%),"ĐỎ - Giảm >10% so cùng kỳ",IF(OR($N11<-10%,$U11<-10%,$AB11<-10%),"VÀNG - Giảm >10% so tháng trước","BÌNH THƯỜNG"))) | AI11: =IFERROR(VLOOKUP($B11,DM_Doanh_nghiep!$A$2:$I$1501,9,FALSE),"")
C12: =IFERROR(VLOOKUP($B12,DM_Doanh_nghiep!$A$2:$H$1001,2,FALSE),"") | D12: =IFERROR(VLOOKUP($B12,DM_Doanh_nghiep!$A$2:$H$1001,4,FALSE),"") | E12: =IFERROR(VLOOKUP($B12,DM_Doanh_nghiep!$A$2:$H$1001,5,FALSE),"") | M12: =IF(OR($A12="",$B12=""),"",SUMIFS($H$2:$H$101,$B$2:$B$101,$B12,$A$2:$A$101,EDATE($A12,-1))) | N12: =IF(OR($H12="",$M12="",$M12=0),"",$H12/$M12-1) | O12: =IF(OR($A12="",$B12=""),"",SUMIFS($H$2:$H$101,$B$2:$B$101,$B12,$A$2:$A$101,EDATE($A12,-12))) | P12: =IF(OR($H12="",$O12="",$O12=0),"",$H12/$O12-1) | Q12: =IF(OR($A12="",$B12=""),"",SUMIFS($H$2:$H$101,$B$2:$B$101,$B12,$A$2:$A$101,">="&DATE(YEAR($A12),1,1),$A$2:$A$101,"<="&$A12)) | R12: =IF(OR($A12="",$B12=""),"",SUMIFS($H$2:$H$101,$B$2:$B$101,$B12,$A$2:$A$101,">="&DATE(YEAR($A12)-1,1,1),$A$2:$A$101,"<="&EDATE($A12,-12))) | S12: =IF(OR($Q12="",$R12="",$R12=0),"",$Q12/$R12-1) | T12: =IF(OR($A12="",$B12=""),"",SUMIFS($I$2:$I$101,$B$2:$B$101,$B12,$A$2:$A$101,EDATE($A12,-1))) | U12: =IF(OR($I12="",$T12="",$T12=0),"",$I12/$T12-1) | V12: =IF(OR($A12="",$B12=""),"",SUMIFS($I$2:$I$101,$B$2:$B$101,$B12,$A$2:$A$101,EDATE($A12,-12))) | W12: =IF(OR($I12="",$V12="",$V12=0),"",$I12/$V12-1) | X12: =IF(OR($A12="",$B12=""),"",SUMIFS($I$2:$I$101,$B$2:$B$101,$B12,$A$2:$A$101,">="&DATE(YEAR($A12),1,1),$A$2:$A$101,"<="&$A12)) | Y12: =IF(OR($A12="",$B12=""),"",SUMIFS($I$2:$I$101,$B$2:$B$101,$B12,$A$2:$A$101,">="&DATE(YEAR($A12)-1,1,1),$A$2:$A$101,"<="&EDATE($A12,-12))) | Z12: =IF(OR($X12="",$Y12="",$Y12=0),"",$X12/$Y12-1) | AA12: =IF(OR($A12="",$B12=""),"",SUMIFS($J$2:$J$101,$B$2:$B$101,$B12,$A$2:$A$101,EDATE($A12,-1))) | AB12: =IF(OR($J12="",$AA12="",$AA12=0),"",$J12/$AA12-1) | AC12: =IF(OR($A12="",$B12=""),"",SUMIFS($J$2:$J$101,$B$2:$B$101,$B12,$A$2:$A$101,EDATE($A12,-12))) | AD12: =IF(OR($J12="",$AC12="",$AC12=0),"",$J12/$AC12-1) | AE12: =IF(OR($A12="",$B12=""),"",SUMIFS($J$2:$J$101,$B$2:$B$101,$B12,$A$2:$A$101,">="&DATE(YEAR($A12),1,1),$A$2:$A$101,"<="&$A12)) | AF12: =IF(OR($A12="",$B12=""),"",SUMIFS($J$2:$J$101,$B$2:$B$101,$B12,$A$2:$A$101,">="&DATE(YEAR($A12)-1,1,1),$A$2:$A$101,"<="&EDATE($A12,-12))) | AG12: =IF(OR($AE12="",$AF12="",$AF12=0),"",$AE12/$AF12-1) | AH12: =IF(OR($A12="",$B12=""),"",IF(OR($P12<-10%,$W12<-10%,$AD12<-10%),"ĐỎ - Giảm >10% so cùng kỳ",IF(OR($N12<-10%,$U12<-10%,$AB12<-10%),"VÀNG - Giảm >10% so tháng trước","BÌNH THƯỜNG"))) | AI12: =IFERROR(VLOOKUP($B12,DM_Doanh_nghiep!$A$2:$I$1501,9,FALSE),"")
C13: =IFERROR(VLOOKUP($B13,DM_Doanh_nghiep!$A$2:$H$1001,2,FALSE),"") | D13: =IFERROR(VLOOKUP($B13,DM_Doanh_nghiep!$A$2:$H$1001,4,FALSE),"") | E13: =IFERROR(VLOOKUP($B13,DM_Doanh_nghiep!$A$2:$H$1001,5,FALSE),"") | M13: =IF(OR($A13="",$B13=""),"",SUMIFS($H$2:$H$101,$B$2:$B$101,$B13,$A$2:$A$101,EDATE($A13,-1))) | N13: =IF(OR($H13="",$M13="",$M13=0),"",$H13/$M13-1) | O13: =IF(OR($A13="",$B13=""),"",SUMIFS($H$2:$H$101,$B$2:$B$101,$B13,$A$2:$A$101,EDATE($A13,-12))) | P13: =IF(OR($H13="",$O13="",$O13=0),"",$H13/$O13-1) | Q13: =IF(OR($A13="",$B13=""),"",SUMIFS($H$2:$H$101,$B$2:$B$101,$B13,$A$2:$A$101,">="&DATE(YEAR($A13),1,1),$A$2:$A$101,"<="&$A13)) | R13: =IF(OR($A13="",$B13=""),"",SUMIFS($H$2:$H$101,$B$2:$B$101,$B13,$A$2:$A$101,">="&DATE(YEAR($A13)-1,1,1),$A$2:$A$101,"<="&EDATE($A13,-12))) | S13: =IF(OR($Q13="",$R13="",$R13=0),"",$Q13/$R13-1) | T13: =IF(OR($A13="",$B13=""),"",SUMIFS($I$2:$I$101,$B$2:$B$101,$B13,$A$2:$A$101,EDATE($A13,-1))) | U13: =IF(OR($I13="",$T13="",$T13=0),"",$I13/$T13-1) | V13: =IF(OR($A13="",$B13=""),"",SUMIFS($I$2:$I$101,$B$2:$B$101,$B13,$A$2:$A$101,EDATE($A13,-12))) | W13: =IF(OR($I13="",$V13="",$V13=0),"",$I13/$V13-1) | X13: =IF(OR($A13="",$B13=""),"",SUMIFS($I$2:$I$101,$B$2:$B$101,$B13,$A$2:$A$101,">="&DATE(YEAR($A13),1,1),$A$2:$A$101,"<="&$A13)) | Y13: =IF(OR($A13="",$B13=""),"",SUMIFS($I$2:$I$101,$B$2:$B$101,$B13,$A$2:$A$101,">="&DATE(YEAR($A13)-1,1,1),$A$2:$A$101,"<="&EDATE($A13,-12))) | Z13: =IF(OR($X13="",$Y13="",$Y13=0),"",$X13/$Y13-1) | AA13: =IF(OR($A13="",$B13=""),"",SUMIFS($J$2:$J$101,$B$2:$B$101,$B13,$A$2:$A$101,EDATE($A13,-1))) | AB13: =IF(OR($J13="",$AA13="",$AA13=0),"",$J13/$AA13-1) | AC13: =IF(OR($A13="",$B13=""),"",SUMIFS($J$2:$J$101,$B$2:$B$101,$B13,$A$2:$A$101,EDATE($A13,-12))) | AD13: =IF(OR($J13="",$AC13="",$AC13=0),"",$J13/$AC13-1) | AE13: =IF(OR($A13="",$B13=""),"",SUMIFS($J$2:$J$101,$B$2:$B$101,$B13,$A$2:$A$101,">="&DATE(YEAR($A13),1,1),$A$2:$A$101,"<="&$A13)) | AF13: =IF(OR($A13="",$B13=""),"",SUMIFS($J$2:$J$101,$B$2:$B$101,$B13,$A$2:$A$101,">="&DATE(YEAR($A13)-1,1,1),$A$2:$A$101,"<="&EDATE($A13,-12))) | AG13: =IF(OR($AE13="",$AF13="",$AF13=0),"",$AE13/$AF13-1) | AH13: =IF(OR($A13="",$B13=""),"",IF(OR($P13<-10%,$W13<-10%,$AD13<-10%),"ĐỎ - Giảm >10% so cùng kỳ",IF(OR($N13<-10%,$U13<-10%,$AB13<-10%),"VÀNG - Giảm >10% so tháng trước","BÌNH THƯỜNG"))) | AI13: =IFERROR(VLOOKUP($B13,DM_Doanh_nghiep!$A$2:$I$1501,9,FALSE),"")
... C101: =IFERROR(VLOOKUP($B101,DM_Doanh_nghiep!$A$2:$H$1001,2,FALSE),"") | D101: =IFERROR(VLOOKUP($B101,DM_Doanh_nghiep!$A$2:$H$1001,4,FALSE),"") | E101: =IFERROR(VLOOKUP($B101,DM_Doanh_nghiep!$A$2:$H$1001,5,FALSE),"") | M101: =IF(OR($A101="",$B101=""),"",SUMIFS($H$2:$H$101,$B$2:$B$101,$B101,$A$2:$A$101,EDATE($A101,-1))) | N101: =IF(OR($H101="",$M101="",$M101=0),"",$H101/$M101-1) | O101: =IF(OR($A101="",$B101=""),"",SUMIFS($H$2:$H$101,$B$2:$B$101,$B101,$A$2:$A$101,EDATE($A101,-12))) | P101: =IF(OR($H101="",$O101="",$O101=0),"",$H101/$O101-1) | Q101: =IF(OR($A101="",$B101=""),"",SUMIFS($H$2:$H$101,$B$2:$B$101,$B101,$A$2:$A$101,">="&DATE(YEAR($A101),1,1),$A$2:$A$101,"<="&$A101)) | R101: =IF(OR($A101="",$B101=""),"",SUMIFS($H$2:$H$101,$B$2:$B$101,$B101,$A$2:$A$101,">="&DATE(YEAR($A101)-1,1,1),$A$2:$A$101,"<="&EDATE($A101,-12))) | S101: =IF(OR($Q101="",$R101="",$R101=0),"",$Q101/$R101-1) | T101: =IF(OR($A101="",$B101=""),"",SUMIFS($I$2:$I$101,$B$2:$B$101,$B101,$A$2:$A$101,EDATE($A101,-1))) | U101: =IF(OR($I101="",$T101="",$T101=0),"",$I101/$T101-1) | V101: =IF(OR($A101="",$B101=""),"",SUMIFS($I$2:$I$101,$B$2:$B$101,$B101,$A$2:$A$101,EDATE($A101,-12))) | W101: =IF(OR($I101="",$V101="",$V101=0),"",$I101/$V101-1) | X101: =IF(OR($A101="",$B101=""),"",SUMIFS($I$2:$I$101,$B$2:$B$101,$B101,$A$2:$A$101,">="&DATE(YEAR($A101),1,1),$A$2:$A$101,"<="&$A101)) | Y101: =IF(OR($A101="",$B101=""),"",SUMIFS($I$2:$I$101,$B$2:$B$101,$B101,$A$2:$A$101,">="&DATE(YEAR($A101)-1,1,1),$A$2:$A$101,"<="&EDATE($A101,-12))) | Z101: =IF(OR($X101="",$Y101="",$Y101=0),"",$X101/$Y101-1) | AA101: =IF(OR($A101="",$B101=""),"",SUMIFS($J$2:$J$101,$B$2:$B$101,$B101,$A$2:$A$101,EDATE($A101,-1))) | AB101: =IF(OR($J101="",$AA101="",$AA101=0),"",$J101/$AA101-1) | AC101: =IF(OR($A101="",$B101=""),"",SUMIFS($J$2:$J$101,$B$2:$B$101,$B101,$A$2:$A$101,EDATE($A101,-12))) | AD101: =IF(OR($J101="",$AC101="",$AC101=0),"",$J101/$AC101-1) | AE101: =IF(OR($A101="",$B101=""),"",SUMIFS($J$2:$J$101,$B$2:$B$101,$B101,$A$2:$A$101,">="&DATE(YEAR($A101),1,1),$A$2:$A$101,"<="&$A101)) | AF101: =IF(OR($A101="",$B101=""),"",SUMIFS($J$2:$J$101,$B$2:$B$101,$B101,$A$2:$A$101,">="&DATE(YEAR($A101)-1,1,1),$A$2:$A$101,"<="&EDATE($A101,-12))) | AG101: =IF(OR($AE101="",$AF101="",$AF101=0),"",$AE101/$AF101-1) | AH101: =IF(OR($A101="",$B101=""),"",IF(OR($P101<-10%,$W101<-10%,$AD101<-10%),"ĐỎ - Giảm >10% so cùng kỳ",IF(OR($N101<-10%,$U101<-10%,$AB101<-10%),"VÀNG - Giảm >10% so tháng trước","BÌNH THƯỜNG"))) | AI101: =IFERROR(VLOOKUP($B101,DM_Doanh_nghiep!$A$2:$I$1501,9,FALSE),"")
AI102: =IFERROR(VLOOKUP($B102,DM_Doanh_nghiep!$A$2:$I$1501,9,FALSE),"")
AI103: =IFERROR(VLOOKUP($B103,DM_Doanh_nghiep!$A$2:$I$1501,9,FALSE),"")
AI104: =IFERROR(VLOOKUP($B104,DM_Doanh_nghiep!$A$2:$I$1501,9,FALSE),"")
AI105: =IFERROR(VLOOKUP($B105,DM_Doanh_nghiep!$A$2:$I$1501,9,FALSE),"")
AI106: =IFERROR(VLOOKUP($B106,DM_Doanh_nghiep!$A$2:$I$1501,9,FALSE),"")
AI107: =IFERROR(VLOOKUP($B107,DM_Doanh_nghiep!$A$2:$I$1501,9,FALSE),"")
AI108: =IFERROR(VLOOKUP($B108,DM_Doanh_nghiep!$A$2:$I$1501,9,FALSE),"")
AI109: =IFERROR(VLOOKUP($B109,DM_Doanh_nghiep!$A$2:$I$1501,9,FALSE),"")
AI110: =IFERROR(VLOOKUP($B110,DM_Doanh_nghiep!$A$2:$I$1501,9,FALSE),"")
AI111: =IFERROR(VLOOKUP($B111,DM_Doanh_nghiep!$A$2:$I$1501,9,FALSE),"")
AI112: =IFERROR(VLOOKUP($B112,DM_Doanh_nghiep!$A$2:$I$1501,9,FALSE),"")
AI113: =IFERROR(VLOOKUP($B113,DM_Doanh_nghiep!$A$2:$I$1501,9,FALSE),"")
... AI301: =IFERROR(VLOOKUP($B301,DM_Doanh_nghiep!$A$2:$I$1501,9,FALSE),"")

Sheet Tong_hop_lanh_dao
A1: TỔNG HỢP THEO KHU VỰC KINH TẾ
A3: Tháng báo cáo
A5: Khu vực kinh tế | B5: GTSXCN tháng (triệu đồng) | C5: GTSXCN lũy kế (triệu đồng) | D5: Xuất khẩu tháng (USD) | E5: Xuất khẩu lũy kế (USD) | F5: Nhập khẩu tháng (USD) | G5: Nhập khẩu lũy kế (USD) | H5: Số DN có báo cáo
A6: Doanh nghiệp nhà nước | B6: =IF($B$3="","",SUMIFS(Bao_cao_thang!$H$2:$H$301,Bao_cao_thang!$AI$2:$AI$301,$A6,Bao_cao_thang!$A$2:$A$301,$B$3)) | C6: =IF($B$3="","",SUMIFS(Bao_cao_thang!$H$2:$H$301,Bao_cao_thang!$AI$2:$AI$301,$A6,Bao_cao_thang!$A$2:$A$301,">="&DATE(YEAR($B$3),1,1),Bao_cao_thang!$A$2:$A$301,"<="&$B$3)) | D6: =IF($B$3="","",SUMIFS(Bao_cao_thang!$I$2:$I$301,Bao_cao_thang!$AI$2:$AI$301,$A6,Bao_cao_thang!$A$2:$A$301,$B$3)) | E6: =IF($B$3="","",SUMIFS(Bao_cao_thang!$I$2:$I$301,Bao_cao_thang!$AI$2:$AI$301,$A6,Bao_cao_thang!$A$2:$A$301,">="&DATE(YEAR($B$3),1,1),Bao_cao_thang!$A$2:$A$301,"<="&$B$3)) | F6: =IF($B$3="","",SUMIFS(Bao_cao_thang!$J$2:$J$301,Bao_cao_thang!$AI$2:$AI$301,$A6,Bao_cao_thang!$A$2:$A$301,$B$3)) | G6: =IF($B$3="","",SUMIFS(Bao_cao_thang!$J$2:$J$301,Bao_cao_thang!$AI$2:$AI$301,$A6,Bao_cao_thang!$A$2:$A$301,">="&DATE(YEAR($B$3),1,1),Bao_cao_thang!$A$2:$A$301,"<="&$B$3)) | H6: =IF($B$3="","",COUNTIFS(Bao_cao_thang!$AI$2:$AI$301,$A6,Bao_cao_thang!$A$2:$A$301,$B$3))
A7: Doanh nghiệp ngoài nhà nước | B7: =IF($B$3="","",SUMIFS(Bao_cao_thang!$H$2:$H$301,Bao_cao_thang!$AI$2:$AI$301,$A7,Bao_cao_thang!$A$2:$A$301,$B$3)) | C7: =IF($B$3="","",SUMIFS(Bao_cao_thang!$H$2:$H$301,Bao_cao_thang!$AI$2:$AI$301,$A7,Bao_cao_thang!$A$2:$A$301,">="&DATE(YEAR($B$3),1,1),Bao_cao_thang!$A$2:$A$301,"<="&$B$3)) | D7: =IF($B$3="","",SUMIFS(Bao_cao_thang!$I$2:$I$301,Bao_cao_thang!$AI$2:$AI$301,$A7,Bao_cao_thang!$A$2:$A$301,$B$3)) | E7: =IF($B$3="","",SUMIFS(Bao_cao_thang!$I$2:$I$301,Bao_cao_thang!$AI$2:$AI$301,$A7,Bao_cao_thang!$A$2:$A$301,">="&DATE(YEAR($B$3),1,1),Bao_cao_thang!$A$2:$A$301,"<="&$B$3)) | F7: =IF($B$3="","",SUMIFS(Bao_cao_thang!$J$2:$J$301,Bao_cao_thang!$AI$2:$AI$301,$A7,Bao_cao_thang!$A$2:$A$301,$B$3)) | G7: =IF($B$3="","",SUMIFS(Bao_cao_thang!$J$2:$J$301,Bao_cao_thang!$AI$2:$AI$301,$A7,Bao_cao_thang!$A$2:$A$301,">="&DATE(YEAR($B$3),1,1),Bao_cao_thang!$A$2:$A$301,"<="&$B$3)) | H7: =IF($B$3="","",COUNTIFS(Bao_cao_thang!$AI$2:$AI$301,$A7,Bao_cao_thang!$A$2:$A$301,$B$3))
A8: Doanh nghiệp có vốn đầu tư nước ngoài (FDI) | B8: =IF($B$3="","",SUMIFS(Bao_cao_thang!$H$2:$H$301,Bao_cao_thang!$AI$2:$AI$301,$A8,Bao_cao_thang!$A$2:$A$301,$B$3)) | C8: =IF($B$3="","",SUMIFS(Bao_cao_thang!$H$2:$H$301,Bao_cao_thang!$AI$2:$AI$301,$A8,Bao_cao_thang!$A$2:$A$301,">="&DATE(YEAR($B$3),1,1),Bao_cao_thang!$A$2:$A$301,"<="&$B$3)) | D8: =IF($B$3="","",SUMIFS(Bao_cao_thang!$I$2:$I$301,Bao_cao_thang!$AI$2:$AI$301,$A8,Bao_cao_thang!$A$2:$A$301,$B$3)) | E8: =IF($B$3="","",SUMIFS(Bao_cao_thang!$I$2:$I$301,Bao_cao_thang!$AI$2:$AI$301,$A8,Bao_cao_thang!$A$2:$A$301,">="&DATE(YEAR($B$3),1,1),Bao_cao_thang!$A$2:$A$301,"<="&$B$3)) | F8: =IF($B$3="","",SUMIFS(Bao_cao_thang!$J$2:$J$301,Bao_cao_thang!$AI$2:$AI$301,$A8,Bao_cao_thang!$A$2:$A$301,$B$3)) | G8: =IF($B$3="","",SUMIFS(Bao_cao_thang!$J$2:$J$301,Bao_cao_thang!$AI$2:$AI$301,$A8,Bao_cao_thang!$A$2:$A$301,">="&DATE(YEAR($B$3),1,1),Bao_cao_thang!$A$2:$A$301,"<="&$B$3)) | H8: =IF($B$3="","",COUNTIFS(Bao_cao_thang!$AI$2:$AI$301,$A8,Bao_cao_thang!$A$2:$A$301,$B$3))
A9: TOÀN TỈNH | B9: =IF($B$3="","",SUMIFS(Bao_cao_thang!$H$2:$H$301,Bao_cao_thang!$A$2:$A$301,$B$3)) | C9: =IF($B$3="","",SUMIFS(Bao_cao_thang!$H$2:$H$301,Bao_cao_thang!$A$2:$A$301,">="&DATE(YEAR($B$3),1,1),Bao_cao_thang!$A$2:$A$301,"<="&$B$3)) | D9: =IF($B$3="","",SUMIFS(Bao_cao_thang!$I$2:$I$301,Bao_cao_thang!$A$2:$A$301,$B$3)) | E9: =IF($B$3="","",SUMIFS(Bao_cao_thang!$I$2:$I$301,Bao_cao_thang!$A$2:$A$301,">="&DATE(YEAR($B$3),1,1),Bao_cao_thang!$A$2:$A$301,"<="&$B$3)) | F9: =IF($B$3="","",SUMIFS(Bao_cao_thang!$J$2:$J$301,Bao_cao_thang!$A$2:$A$301,$B$3)) | G9: =IF($B$3="","",SUMIFS(Bao_cao_thang!$J$2:$J$301,Bao_cao_thang!$A$2:$A$301,">="&DATE(YEAR($B$3),1,1),Bao_cao_thang!$A$2:$A$301,"<="&$B$3)) | H9: =IF($B$3="","",COUNTIFS(Bao_cao_thang!$A$2:$A$301,$B$3))
